Nome,Estrelas,AvaliaÃ§Ãµes,Cozinha,PreÃ§o,SeguranÃ§a,Reviews
 Coco Bambu Conceito PÃ¡tio Paulista,5.0,109,Frutos do mar,2.5,0,"['â€œAlmoÃ§oâ€', 'â€œAniversÃ¡rio dos meus gÃªmeos â™¡â€']"
 Coco Bambu Conceito Vila OlÃ­mpia,5.0,563,"Brasileira, Frutos do mar",2.5,1,"['â€œAtendimento Kaio MarquÃªsâ€', 'â€œAtendimento Kaio Marquesâ€']"
 HUB Food Art & Lounge,5.0,1021,"Brasileira, Internacional",4.0,1,"['â€œAniversÃ¡rio de casamentoâ€', 'â€œComida impecÃ¡vel!â€']"
 Picanharia Dos Amigos,5.0,1003,"Steakhouse, Brasileira",2.5,1,"['â€œSensacionalâ€', 'â€œPicanharia dos Amigos - Mais que recomendoâ€']"
 Coco Bambu Market Place,4.5,4961,"Brasileira, Bar",2.5,1,"['â€œAvaliaÃ§Ã£o Matheusâ€', 'â€œJantarâ€']"
 Coco Bambu AnÃ¡lia Franco,5.0,12710,"Brasileira, Frutos do mar",2.5,1,"['â€œAlmoÃ§o lua de melâ€', 'â€œAniversÃ¡rioâ€']"
 Djapa,4.5,5153,"Japonesa, Frutos do mar",2.5,1,"['â€œMuito bom!!â€', 'â€œBom!â€']"
 Coco Bambu Anhembi,5.0,10826,Brasileira,4.0,1,"['â€œAlmocoâ€', 'â€œComemoraÃ§Ã£o de aniversarioâ€']"
 Lhamas Restaurante,5.0,507,"Peruana, Frutos do mar",2.5,1,"['â€œMelhor restaurante peruano de SÃ£o Paulaâ€', 'â€œExcelente!â€']"
 TasteIT Restaurante,5.0,1037,"Bar, Internacional",2.5,1,"['â€œExperiÃªncia perfeita!â€', 'â€œExperiÃªncia incrÃ­velâ€']"
 Picanharia dos Amigos,5.0,451,"Steakhouse, Brasileira",2.5,1,"['â€œIndico.â€', 'â€œRobson Ã© 10!â€']"
 Coco Bambu Conceito Eldorado,5.0,303,Brasileira,2.5,1,"['â€œVale a visita!â€', 'â€œAlmoÃ§o casalâ€']"
 MexicanÃ­ssimo,4.5,1418,"Mexicana, Latina",2.5,1,"['â€œÃ“timo atendimentoâ€', 'â€œQueremos voltar!â€']"
 Coco Bambu SP Market,5.0,3148,Brasileira,2.5,1,"['â€œAlmoÃ§o de negÃ³ciosâ€', 'â€œAlmoÃ§o de aniversÃ¡rioâ€']"
 Miss Saigon Restaurante Vietnamita,4.5,803,"AsiÃ¡tica, Vietnamita",2.5,1,"['â€œExcelenteâ€', 'â€œComida Gostoso!â€']"
 Kauai Restaurante Havaiano Poke,5.0,160,"Frutos do mar, Havaiana",2.5,0,"['â€œAlmoÃ§o tranquiloâ€', 'â€œMelhor poke de SPâ€']"
 Fuego Celeste Parrillada,5.0,310,"Steakhouse, Latina",2.5,1,"['â€œFANTÃSTICO!â€', 'â€œCarne de primera, restaurante de...â€']"
 Le Bife,4.5,3113,"Steakhouse, Brasileira",2.5,1,"['â€œA vida Ã© feita de experiÃªncias, OUSE!â€', 'â€œAniversÃ¡rio da japonegrinha Alyssaâ€']"
 Soggiorno,5.0,261,"Italiana, Pizza",2.5,1,"['â€œAtendimento nota 1000â€', 'â€œVale a pena comer as pizzasâ€']"
 Seen SÃ£o Paulo,4.5,2491,"Bar, ContemporÃ¢nea",4.0,1,"['â€œExcelente atendimento.â€', 'â€œRestaurante incrÃ­vel!!â€']"
 kome Moema,5.0,130,"Japonesa, Frutos do mar",1.0,1,"['â€œExcelenteâ€', 'â€œExcepcional!â€']"
 Picanharia dos Amigos - Unidade Vila Leopoldina,5.0,374,"Steakhouse, Brasileira",2.5,1,"['â€œAlmoÃ§oâ€', 'â€œPocanharia vila Leopoldinaâ€']"
 Peixe Ao Cubo,5.0,155,"CulinÃ¡ria de fusÃ£o japonesa, Japonesa",2.5,0,"['â€œMelhor comida japaâ€', 'â€œPeixe ao cubo nunca...â€']"
 Picanharia dos Amigos - Campo Belo,5.0,114,"Brasileira, Churrasco",2.5,1,"['â€œReuniÃ£o de famÃ­liaâ€', 'â€œClima gostoso, atendimento simpÃ¡tico!â€']"
 Camarada CamarÃ£o - Cidade SÃ£o Paulo,5.0,157,"Brasileira, Internacional",4.0,1,"['â€œExcelenteâ€', 'â€œAtenciososâ€']"
 Adega Santiago,5.0,704,"Frutos do mar, MediterrÃ¢nea",2.5,0,"['â€œFrutos do Marâ€', 'â€œExcelente! Sabor !â€']"
 Varanda Faria Lima,5.0,401,"Steakhouse, Brasileira",4.0,1,"['â€œÃ“tima experiÃªnciaâ€', 'â€œExcelente atendimento atravÃ©s do maÃ®tre...â€']"
 CipÃ³RestÃ´,5.0,194,Brasileira,2.5,0,"['â€œAtendimentoâ€', 'â€œMuito gostosoâ€']"
 MexicanÃ­ssimo Vila Madalena,5.0,164,Mexicana,1.0,1,"['â€œRestaurante mexicanissimoâ€', 'â€œExcelente!!â€']"
 LIVING LOUNGE BAR & SUSHI,5.0,179,"Japonesa, Frutos do mar",2.5,0,"['â€œExcelente, nota 10!â€', 'â€œExperiÃªncia IncrÃ­velâ€']"
 Coco Bambu JK,4.5,11398,"Sul-americana, Brasileira",2.5,1,"['â€œUma Ã³tima experiÃªncia.â€', 'â€œIncrÃ­velâ€']"
 MexicanÃ­ssimo,4.5,420,"Mexicana, Latina",2.5,1,"['â€œLugar muito prazerosoâ€', 'â€œIncrÃ­vel!â€']"
 CasarÃ¬a Sp,5.0,150,ContemporÃ¢nea,2.5,1,"['â€œPerfeitoâ€', 'â€œJantarâ€']"
 La Griglia,5.0,162,"Steakhouse, Brasileira",2.5,1,"['â€œAlmoÃ§o comemorativo!â€', 'â€œServiÃ§o excelenteâ€']"
 Johnny Rockets,5.0,305,"Americana, Fast food",2.5,0,"['â€œAmeiâ€', 'â€œAdoramos os apimentados entÃ£o nem se...â€']"
 I LOVE BURGER,5.0,228,"Americana, Lanchonete",1.0,0,"['â€œUm a deliciosa refeiÃ§Ã£o, com um Ã³timo...â€', 'â€œHamburgueria TOPâ€']"
 Adega Santiago Shopping Cidade Jardim,4.5,1222,"Frutos do mar, MediterrÃ¢nea",4.0,1,"['â€œOtimo atendimento... Ameiâ€', 'â€œJantarâ€']"
 Wanderlust Bar e Cozinha,5.0,125,"Brasileira, Bar",1.0,1,"['â€œExcelenteâ€', 'â€œExcelente opÃ§Ã£o no centro! Excelente...â€']"
 Fogo De ChÃ£o Moema,4.5,1692,"Steakhouse, Brasileira",4.0,0,"['â€œAtendimento impecÃ¡velâ€', 'â€œExcelente!â€']"
 Bistrot De Paris,4.5,1310,Francesa,2.5,1,"['â€œExperiÃªncia incrÃ­velâ€', 'â€œRealmente muito bomâ€']"
 Sevillano Bistro,4.5,366,"Frutos do mar, MediterrÃ¢nea",2.5,0,"['â€œSurpresa muito boa!â€', 'â€œMe senti na Espanhaâ€']"
 Bacalhau Vinho e Cia Barra Funda,4.5,283,"Portuguesa, Wine Bar",2.5,1,"['â€œBacalhau mais que perfeito...â€', 'â€œÃ“TIMO BACALHAU /CAMARÃƒO / POLVO.â€']"
 Fogo De ChÃ£o,4.5,2721,Churrasco,4.0,0,"['â€œÃ“timo atendimentoâ€', 'â€œAtendimento excelenteâ€']"
 I LOVE BURGER,5.0,264,"Americana, Lanchonete",2.5,0,"['â€œDelivery I love Burgerâ€', 'â€œBurger deliciosoâ€']"
 Adega Santiago,4.5,1472,"Frutos do mar, MediterrÃ¢nea",4.0,1,"['â€œQualidade e gustoâ€', 'â€œAmbiente seguro e agradÃ¡velâ€']"
 Tadashii Japanese Restaurant,4.5,1323,"Japonesa, Frutos do mar",2.5,1,"['â€œAvaliaÃ§Ã£o do restaurante tadashii em SPâ€', 'â€œMelhor restaurante japonÃªs de Sp!â€']"
 Elle 5,4.5,174,Italiana,2.5,1,"['â€œTake Away com direito a bate-papo com a...â€', 'â€œExperiÃªncia inesquecÃ­vel em SPâ€']"
 Fogo De ChÃ£o,4.5,2739,"Steakhouse, Brasileira",4.0,0,"['â€œFogo de chÃ£o!â€', 'â€œAtendimento impecÃ¡velâ€']"
 Bar Quintal Da Mooca,4.5,311,"Brasileira, Bar",2.5,0,"['â€œSimpatia da equipeâ€', 'â€œlugar maravilhoso, fui amei e levei meus...â€']"
 Le Manjue Organique - Vila Nova ConceiÃ§Ã£o,4.5,1339,"SaudÃ¡vel, Brasileira",2.5,0,"['â€œMelhor vegano/vegetariano de SPâ€', 'â€œVerdadeira experiÃªncia gastronÃ´mica.â€']"
 Vila das Rosas - Pinheiros,4.5,169,"SaudÃ¡vel, Brasileira",2.5,0,"['â€œIncrÃ­velâ€', 'â€œSempre somos muito bem recebidosâ€']"
 Supra di Mauro Maia,4.5,661,"Italiana, Europeia",2.5,0,"['â€œRestaurante espetacular!â€', 'â€œexcelente!â€']"
 Varanda JK Iguatemi,4.5,721,"Churrasco, Grelhados",4.0,1,"['â€œElogio atendimento Pedro Vitor/Silverioâ€', 'â€œAtendimento ImpecÃ¡velâ€']"
 Johnny Rockets,4.5,424,"Americana, Lanchonete",2.5,0,"['â€œMelhor HambÃºrguer de SPâ€', 'â€œMuito Bomâ€']"
 Manai Gastronomia,4.5,231,"Brasileira, Grelhados",2.5,0,"['â€œO melhorâ€', 'â€œBuffet incrÃ­velâ€']"
 TerraÃ§o Jardins,4.5,280,Brasileira,4.0,0,"['â€œCafÃ© da manhÃ£â€', 'â€œFui para o brunch pelo livrinho 2x1â€']"
 Varanda Grill,4.5,1412,"Steakhouse, Brasileira",4.0,1,"['â€œExcelente como sempre!â€', 'â€œMelhor carne de SÃ£o Paulo com o melhor...â€']"
 Pobre Juan Morumbi Shopping,4.5,380,"Steakhouse, Churrasco",4.0,0,"['â€œQualidade da comida e serviÃ§oâ€', 'â€œPefeitoâ€']"
 Canvas Bar & Restaurante,4.5,365,"Brasileira, ContemporÃ¢nea",4.0,0,"['â€œAmbiente maravilhosoâ€', 'â€œUm galeria de arte!!!â€']"
 Casale di Pizza,4.5,210,"Italiana, Pizza",2.5,0,"['â€œMARAVILHOSOâ€', 'â€œMelhor pizza da minha vida!â€']"
 JAM - Jardins,4.5,1539,"Japonesa, SaudÃ¡vel",4.0,0,"['â€œExcelenteâ€', 'â€œSimplesmente Maravilhosoâ€']"
 Johnny Rockets,4.5,411,"Americana, Lanchonete",2.5,0,"['â€œLugar perfeitoâ€', 'â€œFUJA ENQUANTO HÃ TEMPOâ€']"
 Taberna 474,4.5,464,"Frutos do mar, MediterrÃ¢nea",2.5,0,"['â€œRESTAURANTE MARAVILHOSO.,.....â€', 'â€œExcelente!â€']"
 Temakeria Paulista,4.5,755,"Japonesa, Sushi",2.5,0,"['â€œA melhor temakeriaâ€', 'â€œA melhor temakeria de SPâ€']"
 Bar do Luiz Fernandes,4.5,445,"Brasileira, Bar",2.5,0,"['â€œE apÃ³s esperarmos a reaberturaâ€', 'â€œExperiÃªncia incrÃ­velâ€']"
 Ohka,4.5,382,Japonesa,4.0,0,"['â€œEspetacular!â€', 'â€œFantÃ¡sticoâ€']"
 Sapporo,4.5,420,"Japonesa, Frutos do mar",2.5,0,"['â€œRecomendo!â€', 'â€œExcelente ! Recomendo o Festival!â€']"
 Gulab Hari,4.5,1157,SaudÃ¡vel,2.5,0,"['â€œIncrÃ­velâ€', 'â€œAtendimento delivery fantÃ¡sticoâ€']"
 Rueiro,4.5,195,"Brasileira, Bar",2.5,0,"['â€œO melhor lanche de SÃ£o Pauloâ€', 'â€œRueiroâ€']"
 TangarÃ¡ Jean-Georges,4.5,551,ContemporÃ¢nea,4.0,1,"['â€œTudo perfeito !â€', 'â€œcomemoraÃ§Ã£o aniversÃ¡rioâ€']"
 Osteria Generale,4.5,275,Italiana,2.5,0,"['â€œFabuloso...â€', 'â€œA melhor Osteria de SP.â€']"
 AGELLO CUCINA,4.5,870,Italiana,2.5,0,"['â€œComida maravilhosa!!!â€', 'â€œMuito boa surpresa!â€']"
 Manai Gastronomia,4.5,221,"Brasileira, Sul-americana",2.5,0,"['â€œSelf service TOPâ€', 'â€œBuffet sempre muito variadoâ€']"
 Ristorantino,4.5,1237,"Italiana, Europeia",4.0,0,"['â€œMelhor restaurante de SPâ€', 'â€œComida e equipe excelentesğŸ‘â€']"
 Des Cucina,4.5,242,"Italiana, Europeia",2.5,0,"['â€œPode melhorarâ€', 'â€œComida Deliciosa . Lugar Bonito e...â€']"
 Bravo BistrÃ´,4.5,1214,"Francesa, Europeia",2.5,0,"['â€œRecomendo!â€', 'â€œÃ“tima experiÃªncia e atendimentoâ€']"
 Tanit,4.5,642,"MediterrÃ¢nea, Europeia",4.0,0,"['â€œExcelente, maravilhosoâ€', 'â€œMelhor espanhol de SPâ€']"
 Mugui,4.5,241,"Japonesa, AsiÃ¡tica",1.0,0,"['â€œUm achado na Liberdadeâ€', 'â€œÃ“timo restaurante para vir com a famÃ­lia...â€']"
 Restaurante Mangai,4.5,192,Brasileira,2.5,0,"['â€œExperiÃªncia Deliveryâ€', 'â€œExperiÃªncia maravilhosaâ€']"
 A Casa do Porco,4.5,4335,"Steakhouse, Brasileira",2.5,1,"['â€œMenu degustaÃ§Ã£o Ã© o melhor !â€', 'â€œEm 3, vale custo-benefÃ­cio.â€']"
 Jullia Pizzaria,4.5,331,"Italiana, Pizza",2.5,0,"['â€œPIZZA MARAVILHOSAâ€', 'â€œENTRE AS MELHORES PIZZARIAS DE SAMPA,.â€']"
 Casa da Pizza,4.5,448,Pizza,2.5,1,"['â€œMelhor pizza que jÃ¡ provei!â€', 'â€œCovid 19â€']"
 Tempero das Gerais,4.5,653,"Brasileira, Grelhados",2.5,0,"['â€œDeliveryâ€', 'â€œComida boa e farta, com direito a marmitaâ€']"
 Fogo de ChÃ£o Jardins,4.5,1380,"Steakhouse, Brasileira",4.0,0,"['â€œexcelÃªncia em atendimentoâ€', 'â€œExcelente comida e atendimento.â€']"
 Le Manjue Organique - Jardins,4.5,251,"SaudÃ¡vel, Brasileira",2.5,0,"['â€œLe Manjue Jardinsâ€', 'â€œO melhor risoto de carne de Cajuâ€']"
 Tatini Restaurante,4.5,1382,Italiana,4.0,0,"['â€œNada mais que o melhor!â€', 'â€œComida de primeiraâ€']"
 Loup Restaurante,4.5,264,"MediterrÃ¢nea, Internacional",4.0,0,"['â€œLoup Restauranteâ€', 'â€œCom certeza vale a visita.â€']"
 NOSU CulinÃ¡ria Japonesa,4.5,622,"Japonesa, Frutos do mar",2.5,0,"['â€œBonito ambiente e excelente comidaâ€', 'â€œRestaurante japonÃªs incrÃ­vel!â€']"
 Casa TTua,4.5,212,Brasileira,2.5,0,"['â€œBom atendimento.â€', 'â€œMuita confusÃ£oâ€']"
 Jam Itaim,4.5,702,"Japonesa, Frutos do mar",4.0,0,"['â€œAwesome!â€', 'â€œEspetacular!!!â€']"
 Taormina,4.5,442,"Italiana, Europeia",2.5,0,"['â€œNÃ£o deixe de ir!!â€', 'â€œMuito boa comida. Atendimentoâ€']"
 Fogo de Chao,4.5,841,"Steakhouse, Brasileira",4.0,0,"['â€œContinua Ã³tima como sempreâ€', 'â€œExperiÃªncia incrÃ­velâ€']"
 MocotÃ³,4.5,3218,"Brasileira, Sul-americana",2.5,0,"['â€œPerfeita experiÃªncia culinÃ¡riaâ€', 'â€œMocotÃ³ te remete ao Nordesteâ€']"
 Villa Roma Pizza - Jardins,4.5,301,"Pizza, Italiana",2.5,0,"['â€œAtendimento excelenteâ€', 'â€œAmbiente agradÃ¡vel e pizza excelenteâ€']"
 Vinheria Percussi,4.5,790,"Italiana, MediterrÃ¢nea",4.0,0,"['â€œJantar de sexta.â€', 'â€œItaliano tradicional e impecÃ¡vel.â€']"
 Restaurante Emiliano,4.5,392,ContemporÃ¢nea,4.0,0,"['â€œRestaurante impecÃ¡vel!! ,â€', 'â€œBrunch espetacularâ€']"
 FitÃ³,4.5,505,"Brasileira, Bar",2.5,0,"['â€œBoa OpÃ§Ã£o Brasileira Autoralâ€', 'â€œComida deliciosa!â€']"
 Zucco,4.5,1303,"Italiana, MediterrÃ¢nea",4.0,0,"['â€œImpecÃ¡vel : serviÃ§o e comida.â€', 'â€œMaravilhosoâ€']"
 Calle 54,4.5,755,"Steakhouse, Latina",2.5,0,"['â€œSimpatia, prestatividade eâ€', 'â€œExcelente comida, excelente atendimentoâ€']"
 Manihi Sushi,4.5,656,"Japonesa, Frutos do mar",2.5,0,"['â€œO melhor de SÃ£o Pauloâ€', 'â€œExcepcional atendimento e qualidadeâ€']"
 Restaurante Reet Namaste,4.5,271,"AsiÃ¡tica, Indiana",2.5,1,"['â€œBom restaurante indianoâ€', 'â€œExcelenteâ€']"
 Bravo Bar,4.5,265,"Brasileira, CafÃ©",4.0,1,"['â€œAlmoÃ§o legalâ€', 'â€œUma lindezaâ€']"
 Bacalhau Vinho e Cia Itaim Bibi,5.0,71,"Portuguesa, Frutos do mar",2.5,0,"['â€œBacalhau maravilhoso!â€', 'â€œAgradÃ¡vel surpresaâ€']"
 Lolla Meets Fire,4.5,139,"Steakhouse, Brasileira",2.5,0,"['â€œComida de qualidade c preÃ§o honestoâ€', 'â€œSoberboâ€']"
 Vicolo Nostro,4.5,1903,"Italiana, Europeia",4.0,0,"['â€œImpecÃ¡vel!â€', 'â€œAmbiente e decoraÃ§Ã£o lindosâ€']"
 FogÃ£o GaÃºcho,4.5,303,"Steakhouse, Churrasco",2.5,0,"['â€œRecomendo!â€', 'â€œMelhor rodÃ­zio de carnesâ€']"
 Le'Bou - Food Art Bar,4.5,140,"Bar, Internacional",2.5,0,"['â€œPegada francesa em cardÃ¡pio enxutoâ€', 'â€œÃ“timo almoÃ§oâ€']"
 Ruella,4.5,1006,"Francesa, Europeia",4.0,0,"['â€œVoltaremos em breve!â€', 'â€œPerfeitoâ€']"
 Johnny Rockets,4.5,406,"Americana, Lanchonete",2.5,0,"['â€œINCRÃVELâ€', 'â€œExcelente atendimento e Ã³tima refeiÃ§Ã£oâ€']"
 Sushi Isao,4.5,607,"Japonesa, Frutos do mar",2.5,0,"['â€œO sushi Ã© delicioso, atendimento nota 10!â€', 'â€œExcelente!!!â€']"
 La Tambouille,4.5,785,"Italiana, Francesa",4.0,0,"['â€œEspetacularâ€', 'â€œSofisticado, clÃ¡ssico e agradÃ¡vel!â€']"
 Avanhandava,4.5,325,"Italiana, Pizza",2.5,0,"['â€œA rua mais charmosa de SPâ€', 'â€œDecepcionanteâ€']"
 Yoka,4.5,353,"Japonesa, Lanchonete",1.0,0,"['â€œmelhor pastelâ€', 'â€œNÃ£o tem perigo, tudo Ã© bomâ€']"
 Famiglia Mancini,4.5,13856,"Italiana, MediterrÃ¢nea",2.5,0,"['â€œbom, bom e bom!!â€', 'â€œLugar Favorito !!!â€']"
 Sargento Garcia,4.5,191,"Frutos do mar, MediterrÃ¢nea",2.5,0,"['â€œRESTAURANTE REFERÃŠNCIA EM SÃƒO PAULO.â€', 'â€œUM DOS MELHORES RESTAURANTES DE SAMPA.â€']"
 Restaurante Tarsila,4.5,307,Internacional,4.0,0,"['â€œRestaurante sensacional !â€', 'â€œExcelente Brunchâ€']"
 Bbq Company,4.5,177,"Steakhouse, Brasileira",2.5,1,"['â€œSuper indico â˜ºï¸â€', 'â€œExcelente escolha pra carnesâ€']"
 Trattoria TavoLino,5.0,72,Italiana,2.5,0,"['â€œ100% em qualidade de refeiÃ§Ãµesâ€', 'â€œTudo perfeito!â€']"
 Barbacoa - Itaim,4.5,1429,"Steakhouse, Brasileira",4.0,0,"['â€œÃ“tima e saborosa experiÃªnciaâ€', 'â€œMELHOR Churrascaria de SÃ£o Pauloâ€']"
 Komah,4.5,270,"AsiÃ¡tica, Coreana",2.5,0,"['â€œSabor Ãºnicoâ€', 'â€œTÃ­pico restaurante da Hype Paulistana.â€']"
 Goose Island Brewhouse,4.5,1187,"Americana, Bar",2.5,0,"['â€œÃ“timo bar. VÃ¡rias opÃ§Ãµes deâ€', 'â€œLocal para chopp no fds!â€']"
 Cantaloup,4.5,429,ContemporÃ¢nea,4.0,0,"['â€œExcelente!â€', 'â€œQue experiÃªncia! Nota 1000!â€']"
 Quintal do BrÃ¡z,4.5,1212,Pizza,2.5,0,"['â€œMaravilhosa pizzaria\nAmbienteâ€', 'â€œA pizza mais famosa Ã© a capreseâ€']"
 EMA Restaurante,4.5,262,Brasileira,4.0,0,"['â€œAconchegante e saboroso!â€', 'â€œComida divinaâ€']"
 Pizzaria Veridiana Jardins,4.5,1360,"Italiana, Pizza",2.5,0,"['â€œExcelente pizza mesmo no deliveryâ€', 'â€œQue ambiente !!!! Voltariaâ€']"
 MaracujÃ¡ Restaurante,4.5,248,"Brasileira, SaudÃ¡vel",2.5,0,"['â€œGostei muito !â€', 'â€œÃ“tima opÃ§Ã£o na regiÃ£o para encontrar...â€']"
 Bar da Dona OnÃ§a,4.5,2914,"Brasileira, Bar",2.5,0,"['â€œCardÃ¡pio diferentÃ£oâ€', 'â€œDelÃ­cia de lugar!â€']"
 Gioconda & HelenikÃ¡ Pizzaria Grega,4.5,577,"Pizza, Europeia",2.5,1,"['â€œPizzaria com magia e encantamentoâ€', 'â€œQue massa incrÃ­vel!â€']"
 LÃ³tus Restaurante Vegetariano,4.5,192,"AsiÃ¡tica, Chinesa",2.5,0,"['â€œNÃ£o tava ruim mas tambÃ©m nÃ£o tava bomâ€', 'â€œLocal limpo, organizado e aconcheganteâ€']"
 La Penisola,4.5,276,Italiana,2.5,0,"['â€œAtendimento maravilhoso, menuâ€', 'â€œSurpreendente e delicioso!!â€']"
 Sushi Hiroshi,4.5,483,"Japonesa, Sushi",2.5,0,"['â€œSensacionalâ€', 'â€œJaponÃªs de qualidade.â€']"
 Sushi Lika,4.5,320,"Japonesa, Sushi",2.5,0,"['â€œPlaquinhas com disponibilidades de peixe...â€', 'â€œJantarâ€']"
 Jun Sakamoto,4.5,393,"Japonesa, Frutos do mar",4.0,0,"['â€œMagnÃ­fico, como sempreâ€', 'â€œDelicadeza e ExcelÃªnciaâ€']"
 Santo Colomba,4.5,172,"Italiana, Internacional",4.0,0,"['â€œSem dÃºvidas o melhor italianoâ€', 'â€œTradicional.â€']"
 Trattoria Nacional,4.5,326,"Grelhados, Italiana",2.5,0,"['â€œjantar com a famÃ­liaâ€', 'â€œExcelenteâ€']"
 Amadeus,4.5,663,Frutos do mar,4.0,0,"['â€œRestaurante maravilhoso, comâ€', 'â€œRestaurante incrÃ­vel, ambienteâ€']"
 Kaa Restaurante,4.5,1791,"Internacional, MediterrÃ¢nea",4.0,0,"['â€œOtimo restauranteâ€', 'â€œRestaurante KaÃ¡ SP fora de SPâ€']"
 Casa Santo AntÃ´nio Restaurante,4.5,529,"Italiana, Europeia",2.5,1,"['â€œAutÃªntico Italianoâ€', 'â€œExcelente opÃ§Ã£o.â€']"
 Dona Vitamina,4.5,928,"Brasileira, SaudÃ¡vel",2.5,0,"['â€œBebidas gostosasâ€', 'â€œMuito gostoso!â€']"
 Raful,4.5,764,"Libanesa, Oriente MÃ©dio",1.0,0,"['â€œMelhor restaurante Ã¡rabe de SÃ£o Paulo!â€', 'â€œA melhor experiÃªncia que jÃ¡ tive!â€']"
 Recanto Vegetariano,4.5,204,"Brasileira, SaudÃ¡vel",2.5,0,"['â€œVÃ¡!!â€', 'â€œExcelente opÃ§Ã£o!â€']"
 Chef Rouge Bistrot Gourmand,4.5,690,Francesa,4.0,0,"['â€œElegante e Sofisticadoâ€', 'â€œTudo impecÃ¡vel. IncrÃ­vel como fomos bem...â€']"
 Tulsi Indian Cuisine,4.5,250,"Indiana, Internacional",2.5,0,"['â€œUM Ã“TIMO LUGAR PARA IRâ€', 'â€œDeliveryâ€']"
 Nambu Cozinha de Raiz,4.5,475,"Brasileira, SaudÃ¡vel",2.5,0,"['â€œAlmoÃ§oâ€', 'â€œA melhor moqueca de SPğŸ˜‹tbâ€']"
 Nutrisom Restaurante Vegetariano,4.5,184,"Brasileira, Sul-americana",2.5,0,"['â€œtradicional restaurante vegetarianoâ€', 'â€œMelhorou o que ja era excelenteâ€']"
 Che BÃ¡rbaro,4.5,461,"Steakhouse, Argentina",2.5,0,"['â€œO melhorâ€', 'â€œUma das melhores carnes de SÃ£o Pauloâ€']"
 KaraokÃª Box Porque Sim,4.5,658,"Japonesa, Sushi",1.0,0,"['â€œExcelente lugar, super agradÃ¡velâ€', 'â€œLamen saboroso com um Ã³timo preÃ§o!â€']"
 PraÃ§a SÃ£o LourenÃ§o,4.5,1652,"Brasileira, Internacional",4.0,0,"['â€œEXCELENTE AMBIENTE, EXCELENTE COMIDA...â€', 'â€œAtendimento e comida excelente!â€']"
 A Bela Sintra,4.5,896,"Frutos do mar, MediterrÃ¢nea",4.0,0,"['â€œTop!!!â€', 'â€œbom! mas...â€']"
 Tanka Restaurante,4.5,1072,"Chinesa, Japonesa",2.5,1,"['â€œFartura e qualidadeâ€', 'â€œÃ“timo restaurante orientalâ€']"
 MexicanÃ­ssimo,4.5,194,"Mexicana, Latina",1.0,1,"['â€œPerfeito comida mexicana autÃªntica comida...â€', 'â€œMaravilhosooâ€']"
 Casa de Francisca,4.5,247,"Brasileira, ContemporÃ¢nea",2.5,0,"['â€œO ambiente Ã© interessanteâ€', 'â€œComida e Local agradÃ¡velâ€']"
 Restaurante Fasano,4.5,884,"Italiana, Europeia",4.0,1,"['â€œBom mas falta pÃ£o sem glÃºten (e Ã© caro...â€', 'â€œMuito bomâ€']"
 Kinoshita,4.5,923,"Japonesa, Frutos do mar",4.0,0,"['â€œMagnÃ­fico!!â€', 'â€œExperiÃªncia Ãºnicaâ€']"
 Sainte Marie Gastronomia,4.5,751,"Libanesa, Oriente MÃ©dio",2.5,0,"['â€œSempre fantÃ¡sticoâ€', 'â€œLibanÃªs imperdÃ­vel !â€']"
 Tordesilhas,4.5,656,"Brasileira, Sul-americana",2.5,0,"['â€œExcelente!!!!â€', 'â€œConstrangedor!!!â€']"
 Cruzeiro's Bar,4.5,406,"Brasileira, Bar",2.5,0,"['â€œAmamos a oportunidade de almoÃ§arâ€', 'â€œPorÃ§Ãµes fartas e gostosasâ€']"
 Dr,4.5,495,"Steakhouse, Churrasco",2.5,0,"['â€œParrilla argentina raÃ­z, aplausosâ€', 'â€œLocal simples e agradÃ¡vel, Ã³timo...â€']"
 Veridiana Pizza,4.5,1648,Brasileira,2.5,0,"['â€œExpectativas excedidas! Muito bom!â€', 'â€œExcelenteâ€']"
 Tandoor,4.5,1244,"Indiana, AsiÃ¡tica",2.5,1,"['â€œO melhor indiano do Brasil!!!â€', 'â€œCulinÃ¡ria indiana de verdadeâ€']"
 Marilyn Brewhouse & Parrilla,5.0,76,"Bar, Grelhados",2.5,0,"['â€œUm achado surpreendenteâ€', 'â€œApaixonada por esse restauranteâ€']"
 Jojo Ramen,4.5,562,"Japonesa, AsiÃ¡tica",2.5,0,"['â€œSempre um grnde saborâ€', 'â€œLamen incrÃ­vel e seguroâ€']"
 Nakka Jardins,4.5,324,"Japonesa, Sushi",2.5,0,"['â€œMelhor Sushi que jÃ¡ comiâ€', 'â€œMelhor de Sp!â€']"
 Due Cuochi Cucina - Itaim,4.5,2206,"Italiana, MediterrÃ¢nea",4.0,0,"['â€œSempre espetacular .\nHojeâ€', 'â€œSem surpresasâ€']"
 Trattoria Tavolino,4.5,237,Italiana,2.5,0,"['â€œSuper Aconcheganteâ€', 'â€œExcelente local e atendimento!â€']"
 Gopala,4.5,466,Fusion,2.5,0,"['â€œGopalaâ€', 'â€œDelicioso!!!â€']"
 D,4.5,1778,Brasileira,4.0,0,"['â€œExperiÃªncias exÃ³ticasâ€', 'â€œA lifetime experience !â€']"
 Sushi Nami,4.5,386,"Japonesa, Frutos do mar",2.5,0,"['â€œExcelente qualidadeâ€', 'â€œMaravilhoso! Super recomendo!â€']"
 Ripa Na Brasa Restaurante,4.5,273,Brasileira,2.5,0,"['â€œComida deliciosa com preÃ§o elitizadoâ€', 'â€œO melhor restaurante self service do...â€']"
 Bar Do ManÃ©,4.5,755,"Brasileira, Bar",2.5,0,"['â€œParada obrigatÃ³ria no Mercado Municipalâ€', 'â€œSanduÃ­che tradicional mesmoâ€']"
 Osaka Cocina Nikkei,4.5,717,"Japonesa, Peruana",4.0,0,"['â€œQualidade e sabor sem igual!â€', 'â€œBom japonesâ€']"
 Restaurante Portal da CorÃ©ia,4.5,260,"AsiÃ¡tica, Coreana",2.5,0,"['â€œÃ“tima comidaâ€', 'â€œO Melhor Coreano de SÃ£o Pauloâ€']"
 GraÃ§a Mineira,4.5,538,"Brasileira, Pub com cerveja artesanal",2.5,1,"['â€œDelivery Ã— Covidâ€', 'â€œComida saborosaâ€']"
 Ton Hoi,4.5,351,Chinesa,2.5,0,"['â€œComida do takeaway ficou abaixo das...â€', 'â€œMelhor chinÃªs de Sampa!!â€']"
 Restaurante El Tranvia,4.5,807,"Steakhouse, Latina",4.0,0,"['â€œAncho ou Chorizo?â€', 'â€œExcelente Uruguaioâ€']"
 12 Burger & Beer,4.5,314,"Bar, Lanchonete",2.5,0,"['â€œVariedadesâ€', 'â€œHAMBURGER DE VERDADEâ€']"
 Leggera Pizza Napoletana,4.5,356,"Italiana, Pizza",2.5,0,"['â€œJantar em famÃ­liaâ€', 'â€œNAPULEâ€']"
 Lagoa Tropical,4.5,211,Brasileira,1.0,0,"['â€œNem parece ser vegetariano.....â€', 'â€œComida deliciosaâ€']"
 Tre Bicchieri,4.5,828,Italiana,4.0,0,"['â€œO melhor Strogonoff que jÃ¡ comi no...â€', 'â€œOs bons tempos voltaramâ€']"
 Taverna Medieval,4.5,477,"Americana, Bar",2.5,0,"['â€œExcelente via delivery!â€', 'â€œJantar especialâ€']"
 Jui,4.5,114,"AsiÃ¡tica, Malaia",2.5,0,"['â€œA opÃ§Ã£o diferentonaâ€', 'â€œSurpresa inesperadaâ€']"
 Z Deli Sandwich Shop,4.5,1121,"Americana, Fast food",2.5,0,"['â€œExperiencia excelenteâ€', 'â€œPedimos 2 lanches e batataâ€']"
 Modern Mamma Osteria,4.5,989,Italiana,2.5,0,"['â€œRestaurante maravilhosoâ€', 'â€œMais uma vez perfeito! JÃ¡â€']"
 Skye Bar & Restaurante,4.5,2805,"Japonesa, Bar",4.0,0,"['â€œLugar bacana, mas espera mais!â€', 'â€œÃ“timoâ€']"
 GraÃ§a Di Napolli,4.5,325,"Italiana, Pizza",2.5,0,"['â€œPizza medianaâ€', 'â€œEnviam pizzas queimadas, falta item, nÃ£o...â€']"
 RÃ¡scal,4.5,2198,"Italiana, Brasileira",2.5,0,"['â€œAlmoÃ§o qualidade e bom preÃ§oâ€', 'â€œPizza boa, mas jÃ¡ foi melhorâ€']"
 Speranza,4.5,1368,"Italiana, Pizza",2.5,0,"['â€œVale a penaâ€', 'â€œSempre maravilhosaâ€']"
 MestiÃ§o,4.5,1445,"Brasileira, AsiÃ¡tica",2.5,0,"['â€œParada obrigatÃ³ria.\nUm dosâ€', 'â€œExperiÃªncia surpreendente!â€']"
 Academia da Gula,4.5,210,"Bar, Europeia",2.5,0,"['â€œSexta Feira dia de Rabadaâ€', 'â€œLegÃ­timo portuguÃªs super acessÃ­velâ€']"
 Bar e Lanches EstadÃ£o,4.5,1333,"Brasileira, Bar",1.0,0,"[""â€œLanche de Pernil? O melhor de SP'â€"", 'â€œBar EstadÃ£oâ€']"
 Figueira Rubayat,4.5,7960,"Steakhouse, Brasileira",4.0,0,"['â€œMaravilhosoâ€', 'â€œExperiÃªncia incrÃ­velâ€']"
 Corrientes 348,4.5,420,"Steakhouse, Churrasco",4.0,0,"['â€œCarne Suculentaâ€', 'â€œFui a este restaurante comâ€']"
 Johnny Rockets,4.5,1204,"Americana, Bar",2.5,0,"['â€œAtendimento nota 10!â€', 'â€œAvaliaÃ§Ã£oâ€']"
 Veloso Bar,4.5,1907,Brasileira,2.5,0,"['â€œUma experiÃªncia fantÃ¡stica.â€', 'â€œAtendimento de Primeiraâ€']"
 Piselli,4.5,528,"Italiana, Europeia",4.0,0,"['â€œSimplesmente Sensacional !!!!â€', 'â€œCasa Perfeita!ImperdÃ­vel!â€']"
 Pobre Juan - Vila OlÃ­mpia,4.5,1112,"Steakhouse, Latina",4.0,0,"['â€œAtendimento de primeiraâ€', 'â€œMaravilhosoâ€']"
 Zucco Cucina,4.5,427,"Italiana, Europeia",4.0,0,"['â€œSEMPRE EXCELENTEâ€', 'â€œmuito bom, mesmo!â€']"
 Margherita Pizzeria,4.5,1621,Pizza,2.5,0,"['â€œA melhor pizza que jÃ¡ comiâ€', 'â€œVisita em familiaâ€']"
 Lanchonete Dizzy Vila Maria,4.5,328,"Americana, Brasileira",2.5,0,"['â€œUm dos melhores hamburguÃªs de SPâ€', 'â€œSituaÃ§Ã£o inconvenienteâ€']"
 Rascal,4.5,542,"Italiana, Brasileira",2.5,0,"['â€œExcelente atendimentoâ€', 'â€œExcelente comida e atendimentoâ€']"
 Restaurante Kleine-Gasse,5.0,78,AlemÃ£,2.5,1,"['â€œExcelente restauranteâ€', 'â€œincrivel tudo nesse restauranteâ€']"
 BrÃ¡z Pizzaria,4.5,1449,"Italiana, Pizza",2.5,0,"['â€œPizza incrÃ­vel sem dÃºvidasâ€', 'â€œPizzas excelentes, serviÃ§o eficiente.â€']"
 Paellas Pepe,4.5,657,"Frutos do mar, MediterrÃ¢nea",2.5,0,"['â€œComida deliciosaâ€', 'â€œEspetÃ¡culo de atendimento,local e pratos.â€']"
 Vila das Meninas,4.5,258,"Brasileira, ContemporÃ¢nea",2.5,0,"['â€œAlmoÃ§o recordaÃ§Ã£oâ€', 'â€œExperiÃªncia maravilhosa!â€']"
 Jardineira Grill,4.5,1494,"Japonesa, Steakhouse",4.0,0,"['â€œPratos saborosos, atendimento nota 1000â€', 'â€œÃ“tima churrascaria!!!â€']"
 BÃ¡rbaro,4.5,440,"Steakhouse, Latina",2.5,0,"['â€œÃ“tima opÃ§Ã£o de carnes argentinas.â€', 'â€œCarnes e vinhosâ€']"
 Le Jazz Brasserie,4.5,696,"Francesa, Europeia",2.5,0,"['â€œExcelente !!â€', 'â€œJantar bom no le jazz! Apenas bom!â€']"
 La Ventana Parrilla PorteÃ±a,4.5,251,"Steakhouse, Latina",2.5,0,"['â€œAtendimento de amigos e comida deliciosa...â€', 'â€œMuito bom!!â€']"
 Teus Restaurante Bar,4.5,322,"Bar, Frutos do mar",2.5,0,"['â€œSÃ©rio, imperdÃ­velâ€', 'â€œDrink e Polvoâ€']"
 RÃ¡scal HigienÃ³polis,4.5,709,"Italiana, Pizza",2.5,0,"['â€œMelhor Buffet MediterrÃ¢neo de SÃ£o Pauloâ€', 'â€œSimplesmente excepcional!â€']"
 Nakka,4.5,588,"Japonesa, Frutos do mar",4.0,0,"['â€œComida excelenteâ€', 'â€œBela opÃ§Ã£o de japonÃªs em SÃ£oâ€']"
 Dona Firmina Pizzaria,4.5,273,"Italiana, Pizza",2.5,0,"['â€œPizza em famÃ­lia! ExperiÃªncia maravilhosa!â€', 'â€œPizza nota 1.000 mil !!!\nFomosâ€']"
 Tasca da Esquina,4.5,805,"Frutos do mar, MediterrÃ¢nea",2.5,1,"['â€œExcelente!â€', 'â€œAtendimento excelenteâ€']"
 PiÃ¹ Restaurante,4.5,677,"Italiana, Europeia",2.5,0,"['â€œSÃ³ melhora com o tempo e se afirma como...â€', 'â€œExcelenteâ€']"
 BrÃ¡z Pizzaria - HigienÃ³polis,4.5,872,"Italiana, Pizza",2.5,0,"['â€œPizzaria maravilhosaâ€', 'â€œcomeria todos os dias se pudesseâ€']"
 Pizzaria Do Angelo,4.5,331,"Italiana, Pizza",2.5,0,"['â€œTradiÃ§Ã£o e qualidade no coraÃ§Ã£o da Moocaâ€', 'â€œJÃ¡ foi melhorâ€']"
 Churrascaria Boi Preto,4.5,411,"Brasileira, Sushi",2.5,0,"['â€œUma das melhores churrascarias de SÃ£o...â€', 'â€œNOVOS TEMPOS.â€']"
 Dinho's,4.5,577,"Brasileira, Churrasco",4.0,0,"['â€œMuito bom , mas o mais caroâ€', 'â€œBoa opÃ§Ã£o para amantes de carne!â€']"
 Maripili,4.5,633,"MediterrÃ¢nea, Europeia",2.5,0,"['â€œLugar pequeno aconcheganteâ€', 'â€œPropaganda Enganosaâ€']"
 Pobre Juan - Cidade Jardim,4.5,717,"Steakhouse, Churrasco",4.0,0,"['â€œExcelÃªncia em Atendimento e Restaurante e...â€', 'â€œTop 10!!!!â€']"
 Momo Lamen House,4.5,477,"Japonesa, AsiÃ¡tica",2.5,0,"['â€œAmbiente aconchegante e modernoâ€', 'â€œMaravilhoso!ğŸœğŸ¤¤â€']"
 Lamen Kazu (LIBERDADE),4.5,976,Japonesa,2.5,0,"['â€œSimplesmente perfeito. Amei tudoâ€', 'â€œMelhor Lamen de SÃ£o Pauloâ€']"
 Almanara,4.5,1022,"Libanesa, Oriente MÃ©dio",2.5,0,"['â€œExcelÃªnciaâ€', 'â€œNÃ£o decepcionaâ€']"
 Yamaga Restaurante,4.5,338,"Japonesa, Frutos do mar",2.5,0,"['â€œPeixes frescos e saborososâ€', 'â€œmuito bomâ€']"
 Pueblo Parrilla,5.0,91,"Steakhouse, Argentina",2.5,0,"['â€œCarne saborosa e atendimento exemplarâ€', 'â€œCarne espetacular,Ã³timo atendimento...â€']"
 Farabbud Moema,4.5,441,"Turca, Ãrabe",2.5,0,"['â€œVale a pena conhecer!â€', 'â€œbem fracoâ€']"
 ManÃ­ Manioca,4.5,2242,"Brasileira, ContemporÃ¢nea",4.0,0,"['â€œEstive no Mani para um almoÃ§oâ€', 'â€œPolvo bem gostosoâ€']"
 Pizzaria Speranza,4.5,674,Pizza,2.5,0,"['â€œExcelente experiÃªnciaâ€', 'â€œDeliveryâ€']"
 Casa Europa,4.5,303,"Italiana, MediterrÃ¢nea",2.5,0,"['â€œMassa deliciosa !â€', 'â€œLugar perfeito!\nÃ“tima comida,â€']"
 Lia Giorno,4.5,155,"Brasileira, Internacional",2.5,0,"['â€œExperiÃªncia Ãºnicaâ€', 'â€œLembro da primeira vez queâ€']"
 Santinho Tomie Ohtake,4.5,304,Brasileira,2.5,0,"['â€œAtendimento deixa a desejarâ€', 'â€œAlmoÃ§o dia 28/02/2020â€']"
 Pipo Restaurante,4.5,287,Brasileira,4.0,0,"['â€œDia das mÃ£esâ€', 'â€œExcelenteâ€']"
 Corrientes 348,4.5,806,"Steakhouse, Latina",4.0,0,"['â€œOutra percepÃ§Ã£o de carne!â€', 'â€œCarnes Ã³timasâ€']"
 Tantra TatuapÃ© Mongolian Grill,4.5,849,"AsiÃ¡tica, Oriente MÃ©dio",2.5,0,"['â€œOUT OF BUSINESSâ€', 'â€œFalta de informaÃ§Ã£o..â€']"
 Il Ristorante Cucina & Musica - Walter Mancini,4.5,839,Italiana,4.0,0,"['â€œExperiÃªncia agradÃ¡velâ€', 'â€œUm espetaculoâ€']"
 Rinconcito Peruano,4.5,1568,Peruana,1.0,0,"['â€œBomâ€', 'â€œAtendentes educados, serviÃ§oâ€']"
 Tan Tan Noodle Bar,4.5,304,"Japonesa, Bar",2.5,0,"['â€œAmbiente e comida gostosaâ€', 'â€œDelivery de lamenâ€']"
 Due Cuochi Cucina - Shopping Cidade Jardim,4.5,1131,"Italiana, MediterrÃ¢nea",4.0,0,"['â€œAlmoÃ§o maravilhoso.â€', 'â€œO restaurante mais perfeitoâ€']"
 Le Jazz Brasserie,4.5,1060,"Francesa, Europeia",2.5,0,"['â€œPara lembrar de Paris. Adoroâ€', 'â€œClÃ¡ssico francÃªs.â€']"
 ArimbÃ¡ Restaurante,4.5,249,Brasileira,2.5,1,"['â€œSempre muito bom ir ao ArimbÃ¡.â€', 'â€œMuito bom!!!â€']"
 FrangÃ“,4.5,1023,"Brasileira, Bar",2.5,1,"['â€œMelhor experiÃªncia da Freguesiaâ€', 'â€œCerveja e Frangoâ€']"
 Pizzaria Veridiana Perdizes,4.5,299,"Italiana, Pizza",2.5,0,"['â€œğŸ•Pizzaria RomÃ¢ntica ğŸ•â€', 'â€œMelhor pizzaria de SPâ€']"
 Gero,4.5,938,"Italiana, Europeia",4.0,1,"['â€œExcelÃªncia desde de sempreâ€', 'â€œExcelente como sempre, mesmoâ€']"
 Carlos Pizza,4.5,402,Pizza,2.5,0,"['â€œPizza de altÃ­ssima qualidadeâ€', 'â€œexcelenteâ€']"
 Paulista Burger,4.5,402,"Americana, Lanchonete",2.5,0,"['â€œExcelenteâ€', 'â€œAtendimento Vipâ€']"
 Torta no Quintal,4.5,263,Brasileira,2.5,0,"['â€œMelhor torta de SPâ€', 'â€œAdoro o torta. Vale a pena.â€']"
 Aragon Espirito Iberico,4.5,652,"MediterrÃ¢nea, Europeia",2.5,0,"['â€œBoa relaÃ§Ã£o custo benefÃ­cioâ€', 'â€œBoa opÃ§Ã£o de mediterrÃ¢neoâ€']"
 Daiki Sushi,4.5,168,"Japonesa, Frutos do mar",2.5,0,"['â€œComida japonesa maravilhosa!!â€', 'â€œAmor a primeira visitaâ€']"
 Effendi,4.5,142,"Libanesa, Oriente MÃ©dio",2.5,0,"['â€œMuito bomâ€', 'â€œVale a visitaâ€']"
 Bar BalcÃ£o,4.5,176,Bar,2.5,0,"['â€œHappy Hourâ€', 'â€œAdoro o balcÃ£o !â€']"
 Barbacoa Morumbi Shopping,4.5,665,"Steakhouse, Brasileira",4.0,0,"['â€œSempre a melhor !â€', 'â€œMuito BOMâ€']"
 NB Steak Faria Lima,4.5,330,"Steakhouse, Brasileira",4.0,0,"['â€œExcepcionalâ€', 'â€œSatisfeitaâ€']"
 Ãcone Gastrorock,5.0,103,"ContemporÃ¢nea, Fusion",2.5,0,"['â€œSurpresa delÃ­cia!â€', 'â€œA experiÃªncia surpreendeu!â€']"
 Italy,4.5,873,"Israelense, Italiana",2.5,0,"['â€œUm lugar bacana, legal paraâ€', 'â€œItÃ¡lia em SÃ£o Paulo: sempre uma surpresaâ€']"
 Z Deli,4.5,361,"Americana, Internacional",2.5,0,"['â€œZ Deli continua o N1 de SP ?â€', 'â€œSempre um show de saborâ€']"
 RÃ¡scal Itaim,4.5,466,"Italiana, MediterrÃ¢nea",2.5,0,"['â€œSempre muito bom!!â€', 'â€œBoa opÃ§Ã£o de buffet com preÃ§o fixoâ€']"
 Insalata,4.5,1306,"Italiana, Brasileira",2.5,0,"['â€œExcelente!â€', 'â€œExcelente atendimento, vinho,â€']"
 La Tartine Bistrot,4.5,422,"Francesa, Europeia",2.5,0,"['â€œExcelente! Rigor com os protocolos de...â€', 'â€œO mais parisiense cantinho de SP e um dos...â€']"
 Cantina Gigio,4.5,516,Italiana,2.5,0,"['â€œBoa cantinaâ€', 'â€œLocal agradÃ¡vel com excelente comida.â€']"
 Big Kauna Burger,4.5,1107,"Americana, Fast food",2.5,0,"['â€œMuito bomâ€', 'â€œSensacional!â€']"
 Consulado da Bahia,4.5,558,"Brasileira, Frutos do mar",2.5,0,"['â€œComida baiana da boa!â€', 'â€œSimplesmente maravilhoso !â€']"
 Restaurante Micaela,4.5,292,Brasileira,2.5,0,"['â€œQue delÃ­cia de culinÃ¡ria!â€', 'â€œÃ“timoâ€']"
 Bawarchi,4.5,269,Indiana,2.5,0,"['â€œMelhor comida indianaâ€', 'â€œA comida Ã© muito boa! Estavaâ€']"
 Bovinus Churrascaria,4.5,570,"Steakhouse, Brasileira",2.5,0,"['â€œextremamente satisfeitaâ€', 'â€œPreÃ§o bom e atendimentoâ€']"
 Leona Pizza Bar,4.5,514,"Italiana, Pizza",2.5,0,"['â€œPizza Tradicional em Ambiente diferenciadoâ€', 'â€œComemorar aniversÃ¡rioâ€']"
 Museo Veronica,4.5,405,"MediterrÃ¢nea, Europeia",2.5,0,"['â€œÃ“timo custo benefÃ­cio!â€', 'â€œO garÃ§om esqueceu da entradaâ€']"
 Windhuk,4.5,394,"AlemÃ£, Europeia",2.5,0,"['â€œComida alemÃ£â€', 'â€œLocal pitoresco e agradÃ¡velâ€']"
 La Frontera,4.5,261,Argentina,2.5,0,"['â€œPedido pelo Ifood que NÃ£o CHEGOUâ€', 'â€œNÃ£o honraram reserva de uma mesa com...â€']"
 Almanara,4.5,373,"Libanesa, Oriente MÃ©dio",2.5,0,"['â€œOpÃ§Ã£o de rodÃ­zioâ€', 'â€œDelivery prato erradoâ€']"
 Jardim di Napoli,4.5,1229,Italiana,2.5,0,"['â€œQue restaurante!!!!â€', 'â€œPolpetone dos deusesâ€']"
